business_legal_name,business_dba_name,issue_date,license_number,licensing_authority_id,licensing_authority,license_designation,premise_state,license_status,license_status_date,license_type,license_term,expiration_date,business_owner_name,business_structure,business_email,activity,parcel_number,id,business_image_url,business_website,premise_street_address,premise_city,premise_zip_code,business_phone,data_refreshed_date,premise_latitude,premise_longitude,premise_county
Rise,Rise,2019-08-22T00:00:00,284.000001-AUDO,IDFPR,Illinois Department of Financial and Professional Regulation,Adult-Use and Medicinal,Illinois,Active,,Commercial - Retailer,,,,,,,,284.000001-AUDO,,,1325 Armour Boulevard,Mundelein,60060,(847) 616-8966,2023-07-28T13:32:56-05:00,42.2379754,-87.98398240000002,Lake County
Rise,Rise,2019-08-22T00:00:00,284.000002-AUDO,IDFPR,Illinois Department of Financial and Professional Regulation,Adult-Use and Medicinal,IL,Active,,Commercial - Retailer,,,,,,,,284.000002-AUDO,,,1627 Rock Creek Blvd.,Joliet,60431,(815) 773-9300,2023-07-28T13:32:56-05:00,41.491798,-88.17239900000001,Will County
Rise,Rise,2019-08-22T00:00:00,284.000003-AUDO,IDFPR,Illinois Department of Financial and Professional Regulation,Adult-Use and Medicinal,IL,Active,,Commercial - Retailer,,,,,,,,284.000003-AUDO,,,1700 Quincy Ave. #103,Naperville,60540,(630) 369-4000,2023-07-28T13:32:56-05:00,41.7744587,-88.1908547,DuPage County
Rise,Rise,2019-08-22T00:00:00,284.000005-AUDO,IDFPR,Illinois Department of Financial and Professional Regulation,Adult-Use and Medicinal,Illinois,Active,,Commercial - Retailer,,,,,,,,284.000005-AUDO,,,3104 N. Main Street,Canton,61520,(309) 647-9333,2023-07-28T13:32:56-05:00,40.60011799999999,-90.0344176,Fulton County
Sunnyside*,Sunnyside,2019-10-15T00:00:00,284.000006-AUDO,IDFPR,Illinois Department of Financial and Professional Regulation,Adult-Use and Medicinal,IL,Active,,Commercial - Retailer,,,,,,,,284.000006-AUDO,,,1704 S Neil St. C,Champaign,61820,(217) 441-2076,2023-07-28T13:32:56-05:00,40.0959899,-88.2446338,Champaign County
Sunnyside*,Sunnyside,2019-10-15T00:00:00,284.000007-AUDO,IDFPR,Illinois Department of Financial and Professional Regulation,Adult-Use and Medicinal,IL,Active,,Commercial - Retailer,,,,,,,,284.000007-AUDO,,,2696 McFarland Rd,Rockford,61107,(815) 314-1900,2023-07-28T13:32:56-05:00,42.2997197,-88.9790048,Winnebago County
Sunnyside*,Sunnyside,2019-10-15T00:00:00,284.000008-AUDO,IDFPR,Illinois Department of Financial and Professional Regulation,Adult-Use and Medicinal,IL,Active,,Commercial - Retailer,,,,,,,,284.000008-AUDO,,,3524 N. Clark St.,Chicago,60657,(773) 698-8182,2023-07-28T13:32:56-05:00,41.9461189,-87.6561152,Cook County
Sunnyside*,Sunnyside,2019-10-15T00:00:00,284.000009-AUDO,IDFPR,Illinois Department of Financial and Professional Regulation,Adult-Use and Medicinal,IL,Active,,Commercial - Retailer,,,,,,,,284.000009-AUDO,,,830 Milwaukee Ave.,Buffalo Grove,60089,(224) 377-9734,2023-07-28T13:32:56-05:00,42.1670589,-87.92261839999999,Lake County
Sunnyside*,Sunnyside,2019-10-15T00:00:00,284.000010-AUDO,IDFPR,Illinois Department of Financial and Professional Regulation,Adult-Use and Medicinal,IL,Active,,Commercial - Retailer,,,,,,,,284.000010-AUDO,,,7955 W. Grand Ave.,Elmwood Park,60707,(708) 452-7688,2023-07-28T13:32:56-05:00,41.9267616,-87.82569269999999,Cook County
Mapleglen CareCenter,"Mapleglen Care
Center",2019-10-15T00:00:00,284.000011-AUDO,IDFPR,Illinois Department of Financial and Professional Regulation,Adult-Use and Medicinal,IL,Active,,Commercial - Retailer,,,,,,,,284.000011-AUDO,,,4777 Stenstrom Rd.,Rockford,61109,(779) 368-5154,2023-07-28T13:32:56-05:00,42.2244338,-89.0235769,Winnebago County
Dispensary33,Dispensary33,2019-11-06T00:00:00,284.000012-AUDO,IDFPR,Illinois Department of Financial and Professional Regulation,Adult-Use and Medicinal,IL,Active,,Commercial - Retailer,,,,,,,,284.000012-AUDO,,,5001 N. Clark St.,Chicago,60640,(312) 620-3333,2023-07-28T13:32:56-05:00,41.9726913,-87.66771589999999,Cook County
Maribis,Maribis,2019-11-06T00:00:00,284.0000013-AUDO,IDFPR,Illinois Department of Financial and Professional Regulation,Adult-Use and Medicinal,IL,Active,,Commercial - Retailer,,,,,,,,284.0000013-AUDO,,,2451 Denver Dr.,Springfield,62702,(217)-503-4296,2023-07-28T13:32:56-05:00,39.8358669,-89.6036627,Sangamon County
Maribis,Maribis,2019-11-06T00:00:00,284.000014-AUDO,IDFPR,Illinois Department of Financial and Professional Regulation,Adult-Use and Medicinal,IL,Active,,Commercial - Retailer,,,,,,,,284.000014-AUDO,,,4570 S. Archer Ave.,Chicago,60632,(888) 888-5501,2023-07-28T13:32:56-05:00,41.8102838,-87.7110622,Cook County
Verilife,Verilife,2019-11-19T00:00:00,284.000016-AUDO,IDFPR,Illinois Department of Financial and Professional Regulation,Adult-Use and Medicinal,IL,Active,,Commercial - Retailer,,,,,,,,284.000016-AUDO,,,161 S. Lincolnway Ste 301,North Aurora,60542,(630) 264-0890,2023-07-28T13:32:56-05:00,41.7999981,-88.32420549999999,Kane County
Verilife,Verilife,2019-11-19T00:00:00,284.000017-AUDO,IDFPR,Illinois Department of Financial and Professional Regulation,Adult-Use and Medicinal,IL,Active,,Commercial - Retailer,,,,,,,,284.000017-AUDO,,,1816 S. Arlington Heights Rd.,Arlington Heights,60005,(847) 755-2992,2023-07-28T13:32:56-05:00,42.052865,-87.983468,Cook County
Verilife,Verilife,2019-11-19T00:00:00,284.000018-AUDO,IDFPR,Illinois Department of Financial and Professional Regulation,Adult-Use and Medicinal,IL,Active,,Commercial - Retailer,,,,,,,,284.000018-AUDO,,,4104 Columbus St.,Ottawa,61350,(815) 234-9189,2023-07-28T13:32:56-05:00,41.3795887,-88.8352948,LaSalle County
Verilife,Verilife,2019-11-19T00:00:00,284.000019-AUDO,IDFPR,Illinois Department of Financial and Professional Regulation,Adult-Use and Medicinal,IL,Active,,Commercial - Retailer,,,,,,,,284.000019-AUDO,,,1335 Lakeside Dr. Unit 4,Romeoville,60446,(630) 359-3213,2023-07-28T13:32:56-05:00,41.670568,-88.07350989999999,Will County
Enlightened –Cannabis for People,"Enlightened –
Cannabis for People",2019-11-19T00:00:00,284.000022-AUDO,IDFPR,Illinois Department of Financial and Professional Regulation,Adult-Use and Medicinal,IL,Active,,Commercial - Retailer,,,,,,,,284.000022-AUDO,,,2015 E. Euclid Ave.,Mt. Prospect,60056,(224) 801-2015,2023-07-28T13:32:56-05:00,42.0873547,-87.8935972,Cook County
Consume,Consume,2019-11-19T00:00:00,284.000023-AUDO,IDFPR,Illinois Department of Financial and Professional Regulation,Adult-Use and Medicinal,IL,Active,,Commercial - Retailer,,,,,,,,284.000023-AUDO,,,8195 Express Dr.,Marion,62959,(618) 969-8217,2023-07-28T13:32:56-05:00,37.7456348,-89.0067665,Williamson County
Cannabist - Chicago,Cannabist - Chicago,2019-11-25T00:00:00,284.000024-AUDO,IDFPR,Illinois Department of Financial and Professional Regulation,Adult-Use and Medicinal,IL,Active,,Commercial - Retailer,,,,,,,,284.000024-AUDO,,,4758 N. Milwaukee Ave.,Chicago,60630,(312) 948-9082,2023-07-28T13:32:56-05:00,41.9668837,-87.7602462,Cook County
Ascend,Ascend,2019-11-25T00:00:00,284.000025-AUDO,IDFPR,Illinois Department of Financial and Professional Regulation,Adult-Use and Medicinal,IL,Active,,Commercial - Retailer,,,,,,,,284.000025-AUDO,,,1014 Eastport Plaza Dr.,Collinsville,62234,(618) 381-9229,2023-07-28T13:32:56-05:00,38.6781642,-90.0164418,Madison County
Ascend,Ascend,2019-11-25T00:00:00,284.000026-AUDO,IDFPR,Illinois Department of Financial and Professional Regulation,Adult-Use and Medicinal,IL,Active,,Commercial - Retailer,,,,,,,,284.000026-AUDO,,,628 E. Adams St.,Springfield,62701,(217) 679-3283,2023-07-28T13:32:56-05:00,39.80026489999999,-89.64668080000001,Sangamon County
Nature’s Treatment,Nature’s Treatment,2019-11-25T00:00:00,284.000028-AUDO,IDFPR,Illinois Department of Financial and Professional Regulation,Adult-Use and Medicinal,IL,Active,,Commercial - Retailer,,,,,,,,284.000028-AUDO,,,973 Tech Dr.,Milan,61264,(309) 283-1642,2023-07-28T13:32:56-05:00,41.4422437,-90.5426676,Rock Island County
EarthMed,EarthMed,2019-11-25T00:00:00,284.000030-AUDO,IDFPR,Illinois Department of Financial and Professional Regulation,Adult-Use and Medicinal,IL,Active,,Commercial - Retailer,,,,,,,,284.000030-AUDO,,,852 S. Westgate St.,Addison,60101,(630) 607-0796,2023-07-28T13:32:56-05:00,41.91075319999999,-87.9936802,DuPage County
MedMen,MedMen,2019-12-11T00:00:00,284.000033-AUDO,IDFPR,Illinois Department of Financial and Professional Regulation,Adult-Use and Medicinal,IL,Active,,Commercial - Retailer,,,,,,,,284.000033-AUDO,,,1132 Lake St.,Oak Park,60301,(424) 330-2194,2023-07-28T13:32:56-05:00,41.8887173,-87.80422829999999,Cook County
NuEra,NuEra,2019-12-13T00:00:00,284.000035-AUDO,IDFPR,Illinois Department of Financial and Professional Regulation,Adult-Use and Medicinal,IL,Active,,Commercial - Retailer,,,,,,,,284.000035-AUDO,,,1308 W. North Ave.,Chicago,60642,(773) 687-8480,2023-07-28T13:32:56-05:00,41.9109796,-87.6608467,Cook County
NuEra,NuEra,2019-12-13T00:00:00,284.000036-AUDO,IDFPR,Illinois Department of Financial and Professional Regulation,Adult-Use and Medicinal,IL,Active,,Commercial - Retailer,,,,,,,,284.000036-AUDO,,,504 Riverside Dr.,East Peoria,61611,(309) 839-1330,2023-07-28T13:32:56-05:00,40.6809635,-89.58200169999999,Tazewell County
NuEra,NuEra,2019-12-13T00:00:00,284.000037-AUDO,IDFPR,Illinois Department of Financial and Professional Regulation,Adult-Use and Medicinal,IL,Active,,Commercial - Retailer,,,,,,,,284.000037-AUDO,,,105 E. University Ave.,Urbana,61801,(217) 607-2867,2023-07-28T13:32:56-05:00,40.1159917,-88.20601789999999,Champaign County
Rise,Rise,2019-12-30T00:00:00,284.000044-AUDO,IDFPR,Illinois Department of Financial and Professional Regulation,Adult-Use,IL,Active,,Commercial - Retailer,,,,,,,,284.000044-AUDO,,,2903 Colorado Ave.,Joliet,60431,(815) 773-1167,2023-07-28T13:32:56-05:00,41.5772002,-88.1605086,Will County
Thrive,Thrive,2019-12-30T00:00:00,284.000045-AUDO,IDFPR,Illinois Department of Financial and Professional Regulation,Adult-Use and Medicinal,IL,Active,,Commercial - Retailer,,,,,,,,284.000045-AUDO,,,87 Richview Dr.,Anna,62906,(616) 715-0887,2023-07-28T13:32:56-05:00,37.4670832,-89.22736830000001,Union County
Thrive,Thrive,2019-12-30T00:00:00,284.000046-AUDO,IDFPR,Illinois Department of Financial and Professional Regulation,Adult-Use and Medicinal,IL,Active,,Commercial - Retailer,,,,,,,,284.000046-AUDO,,,105 Veterans Drive,Harrisburg,62946,(616) 715-0882,2023-07-28T13:32:56-05:00,37.7495738,-88.5308295,Saline County
Rise,Rise,2020-01-13T00:00:00,284.000047-AUDO,IDFPR,Illinois Department of Financial and Professional Regulation,Adult-Use,IL,Active,,Commercial - Retailer,,,,,,,,284.000047-AUDO,,,2703 Broadway St.,Quincy,62301,(309) 204-3904,2023-07-28T13:32:56-05:00,39.9356817,-91.3718694,Adams County
Beyond/Hello,Beyond/Hello,2020-01-13T00:00:00,284.000048-AUDO,IDFPR,Illinois Department of Financial and Professional Regulation,Adult-Use and Medicinal,IL,Active,,Commercial - Retailer,,,,,,,,284.000048-AUDO,,,2021 Goose Lake Road,Sauget,62206,(309) 434-5141,2023-07-28T13:32:56-05:00,38.5640019,-90.1346178,St. Clair County
Hatch,Hatch,2020-02-14T00:00:00,284.000049-AUDO,IDFPR,Illinois Department of Financial and Professional Regulation,Adult-Use and Medicinal,IL,Active,,Commercial - Retailer,,,,,,,,284.000049-AUDO,,,1433 W Fullerton Ave. SteC,Addison,60101,(630) 519-1300,2023-07-28T13:32:56-05:00,41.9250101,-87.6647028,Cook County
Nature’s CareCompany,"Nature’s Care
Company",2020-02-14T00:00:00,284.000050-AUDO,IDFPR,Illinois Department of Financial and Professional Regulation,Adult-Use and Medicinal,IL,Active,,Commercial - Retailer,,,,,,,,284.000050-AUDO,,,975 Rohlwing Rd.,Rolling Meadows,60008,(847) 754-4955,2023-07-28T13:32:56-05:00,42.0994536,-88.02474269999999,Cook County
Beyond/Hello,Beyond/Hello,2020-03-11T00:00:00,284.000051-AUDO,IDFPR,Illinois Department of Financial and Professional Regulation,Adult-Use and Medicinal,IL,Active,,Commercial - Retailer,,,,,,,,284.000051-AUDO,,,501 W Northtown Rd.,Normal,61761,(309) 434-5141,2023-07-28T13:32:56-05:00,40.5463967,-88.9945061,McLean County
Sunnyside*,Sunnyside,2020-04-03T00:00:00,284.000053-AUDO,IDFPR,Illinois Department of Financial and Professional Regulation,Adult-Use,IL,Active,,Commercial - Retailer,,,,,,,,284.000053-AUDO,,,436 N. Clark St.,Chicago,60654,(312) 929-0993,2023-07-28T13:32:56-05:00,41.8903028,-87.63141089999999,Cook County
Nature’s Treatment,Nature’s Treatment,2020-04-17T00:00:00,284.000054-AUDO,IDFPR,Illinois Department of Financial and Professional Regulation,Adult-Use,IL,Active,,Commercial - Retailer,,,,,,,,284.000054-AUDO,,,735 W Main St.,Galesburg,61401,(309) 315-4684,2023-07-28T13:32:56-05:00,40.9483529,-90.3825604,Knox County
Rise,Rise,2020-05-21T00:00:00,284.000055-AUDO,IDFPR,Illinois Department of Financial and Professional Regulation,Adult-Use,IL,Active,,Commercial - Retailer,,,,,,,,284.000055-AUDO,,,9621 N. Milwaukee Ave.,Niles,60714,(815) 900-2227,2023-07-28T13:32:56-05:00,42.0553417,-87.8383216,Cook County
Sunnyside*,Sunnyside,2020-05-22T00:00:00,284.000056-AUDO,IDFPR,Illinois Department of Financial and Professional Regulation,Adult-Use,IL.,Active,,Commercial - Retailer,,,,,,,,284.000056-AUDO,,,369 Lynch Road,Danville,61834,(217) 903-3576,2023-07-28T13:32:56-05:00,40.1253558,-87.5459686,Vermilion County
Consume,Consume,2020-06-19T00:00:00,284.000058-AUDO,IDFPR,Illinois Department of Financial and Professional Regulation,Adult-Use,Il.,Active,,Commercial - Retailer,,,,,,,,284.000058-AUDO,,,201 E. Main Street,Carbondale,62901,(618) 969-8217,2023-07-28T13:32:56-05:00,37.7271869,-89.2150324,Jackson County
Sunnyside*,Sunnyside,2020-07-08T00:00:00,284.000059-AUDO,IDFPR,Illinois Department of Financial and Professional Regulation,Adult-Use,IL,Active,,Commercial - Retailer,,,,,,,,284.000059-AUDO,,,7000 First Ranger Dr.,South Beloit,61080,(779) 771-6660,2023-07-28T13:32:56-05:00,,,
Sunnyside*,Sunnyside,2020-07-31T00:00:00,284.000061-AUDO,IDFPR,Illinois Department of Financial and Professional Regulation,Adult-Use,IL,Active,,Commercial - Retailer,,,,,,,,284.000061-AUDO,,,1739 E. Golf Rd.,Schaumburg,60173,(312) 929-0993,2023-07-28T13:32:56-05:00,42.0502764,-88.03947769999999,Cook County
Nature’s CareCompany,"Nature’s Care
Company",2020-08-30T00:00:00,284.000064-AUDO,IDFPR,Illinois Department of Financial and Professional Regulation,Adult-Use,IL,Active,,Commercial - Retailer,,,,,,,,284.000064-AUDO,,,810 W. Randolph St.,Chicago,60607,(631) 637-2445,2023-07-28T13:32:56-05:00,41.884674,-87.6479774,Cook County
Cannabist – VillaPark,"Cannabist – Villa
Park",2020-09-16T00:00:00,284.000065-AUDO,IDFPR,Illinois Department of Financial and Professional Regulation,Adult-Use,IL.,Active,,Commercial - Retailer,,,,,,,,284.000065-AUDO,,,133 W. Roosevelt Rd.,Villa Park,60181,(312) 948-9082,2023-07-28T13:32:56-05:00,41.8599425,-87.98179119999999,DuPage County
Thrive,Thrive,2020-09-17T00:00:00,284.000066-AUDO,IDFPR,Illinois Department of Financial and Professional Regulation,Adult-Use,IL,Active,,Commercial - Retailer,,,,,,,,284.000066-AUDO,,,800 S 45th St,Mount Vernon,62864,(618) 204-0096,2023-07-28T13:32:56-05:00,38.30848390000001,-88.951,Jefferson County
Ascend,Ascend,2020-10-29T00:00:00,284.000069-AUDO,IDFPR,Illinois Department of Financial and Professional Regulation,Adult-Use,Il.,Active,,Commercial - Retailer,,,,,,,,284.000069-AUDO,,,3201 Horizon Dr.,Springfield,62703,(217) 718-2936,2023-07-28T13:32:56-05:00,39.7680841,-89.60494949999999,Sangamon County
NuEra,NuEra,2020-11-06T00:00:00,284.000072-AUDO,IDFPR,Illinois Department of Financial and Professional Regulation,Adult-Use,IL,Active,,Commercial - Retailer,,,,,,,,284.000072-AUDO,,,1415 Corporate Blvd,Aurora,60502-8897,(815) 993-3300,2023-07-28T13:32:56-05:00,41.8023145,-88.28147039999999,Kane County
Dispensary33,Dispensary33,2020-11-06T00:00:00,284.000073-AUDO,IDFPR,Illinois Department of Financial and Professional Regulation,Adult-Use,IL,Active,,Commercial - Retailer,,,,,,,,284.000073-AUDO,,,1152 W. Randolph,Chicago,60607,(312) 620-3333,2023-07-28T13:32:56-05:00,41.884532,-87.656302,Cook County
Ascend - MOCA,Ascend - MOCA,2020-12-15T00:00:00,284.000076-AUDO,IDFPR,Illinois Department of Financial and Professional Regulation,Adult-Use and Medicinal,IL,Active,,Commercial - Retailer,,,,,,,,284.000076-AUDO,,,2847 W. Fullerton Ave.,Chicago,60647,(773) 722-6622,2023-07-28T13:32:56-05:00,41.9246128,-87.6992819,Cook County
Ascend - MOCA,Ascend - MOCA,2020-12-15T00:00:00,284.000077-AUDO,IDFPR,Illinois Department of Financial and Professional Regulation,Adult-Use,IL,Active,,Commercial - Retailer,,,,,,,,284.000077-AUDO,,,216 W. Ohio St.,Chicago,60654,(773) 722-6622,2023-07-28T13:32:56-05:00,41.89251,-87.634946,Cook County
Beyond/Hello,Beyond/Hello,2020-12-18T00:00:00,284.000079-AUDO,IDFPR,Illinois Department of Financial and Professional Regulation,Adult-Use,IL,Active,,Commercial - Retailer,,,,,,,,284.000079-AUDO,,,1401 Mississippi Ave Ste 17,Sauget,62201,(618) 874-9800,2023-07-28T13:32:56-05:00,38.6039384,-90.1745825,St. Clair County
Sunnyside*,Sunnyside,2020-12-18T00:00:00,284.000080-AUDO,IDFPR,Illinois Department of Financial and Professional Regulation,Adult-Use,IL,Active,,Commercial - Retailer,,,,,,,,284.000080-AUDO,,,2740 W 75th St,Naperville,60564,(630) 884-8061,2023-07-28T13:32:56-05:00,41.7463969,-88.2014791,DuPage County
EarthMed,EarthMed,2020-12-27T00:00:00,284.000082-AUDO,IDFPR,Illinois Department of Financial and Professional Regulation,Adult-Use,IL,Active,,Commercial - Retailer,,,,,,,,284.000082-AUDO,,,10441 E. Touhy Ave.,Rosemont,60018,(224) 275-9333,2023-07-28T13:32:56-05:00,42.0088935,-87.8890948,Cook County
Windy CityCannabis,"Windy City
Cannabis",2021-03-16T00:00:00,284.000084-AUDO,IDFPR,Illinois Department of Financial and Professional Regulation,Adult-Use and Medicinal,IL,Active,,Commercial - Retailer,,,,,,,,284.000084-AUDO,,,1137 W. 175th St.,Homewood,60430,(312) 874-7040,2023-07-28T13:32:56-05:00,41.5712942,-87.6447786,Cook County
Beyond/Hello,Beyond/Hello,2021-01-22T00:00:00,284.000085-AUDO,IDFPR,Illinois Department of Financial and Professional Regulation,Adult-Use,IL.,Active,,Commercial - Retailer,,,,,,,,284.000085-AUDO,,,118 Keaton Place,Bloomington,61704,(309)590-3005,2023-07-28T13:32:56-05:00,40.5011024,-88.9521775,McLean County
Windy CityCannabis,"Windy City
Cannabis",2021-03-16T00:00:00,284.000086-AUDO,IDFPR,Illinois Department of Financial and Professional Regulation,Adult-Use and Medicinal,IL,Active,,Commercial - Retailer,,,,,,,,284.000086-AUDO,,,2535 Veterans Dr,Posen,60469,(312) 874-7040,2023-07-28T13:32:56-05:00,41.6254094,-87.68327260000001,Cook County
Curaleaf,Curaleaf,2021-03-16T00:00:00,284.000087-AUDO,IDFPR,Illinois Department of Financial and Professional Regulation,Adult-Use and Medicinal,IL,Active,,Commercial - Retailer,,,,,,,,284.000087-AUDO,,,11425 S Harlem Ave,Worth,60482,(312) 874-7040,2023-07-28T13:32:56-05:00,41.683398,-87.7967366,Cook County
Curaleaf,Curaleaf,2021-03-16T00:00:00,284.000088-AUDO,IDFPR,Illinois Department of Financial and Professional Regulation,Adult-Use and Medicinal,IL,Active,,Commercial - Retailer,,,,,,,,284.000088-AUDO,,,8340 S Roberts Rd,Justice,60458,(312) 874-7040,2023-07-28T13:32:56-05:00,41.7390232,-87.8194817,Cook County
Curaleaf,Curaleaf,2021-03-16T00:00:00,284.000089-AUDO,IDFPR,Illinois Department of Financial and Professional Regulation,Adult-Use,IL,Active,,Commercial - Retailer,,,,,,,,284.000089-AUDO,,,923 W Weed St,Chicago,60642,(312) 874-7040,2023-07-28T13:32:56-05:00,41.9096237,-87.6521281,Cook County
Curaleaf,Curaleaf,2021-03-16T00:00:00,284.000090-AUDO,IDFPR,Illinois Department of Financial and Professional Regulation,Adult-Use,IL,Active,,Commercial - Retailer,,,,,,,,284.000090-AUDO,,,755 Skokie Blvd,Northbrook,60062,(708) 258-1141,2023-07-28T13:32:56-05:00,42.13909719999999,-87.79146589999999,Cook County
Curaleaf,Curaleaf,2021-03-16T00:00:00,284.000091-AUDO,IDFPR,Illinois Department of Financial and Professional Regulation,Adult-Use,IL,Active,,Commercial - Retailer,,,,,,,,284.000091-AUDO,,,1413 W North Ave,Melrose Park,60160,(872) 225-0131,2023-07-28T13:32:56-05:00,41.9086839,-87.8509115,Cook County
Curaleaf,Curaleaf,2021-03-16T00:00:00,284.000092-AUDO,IDFPR,Illinois Department of Financial and Professional Regulation,Adult-Use and Medicinal,IL,Active,,Commercial - Retailer,,,,,,,,284.000092-AUDO,,,2400 W US Route 6,Morris,60450,(815) 873-6047,2023-07-28T13:32:56-05:00,41.3714308,-88.468205,Grundy County
Curaleaf,Curaleaf,2021-03-16T00:00:00,284.000093-AUDO,IDFPR,Illinois Department of Financial and Professional Regulation,Adult-Use,IL,Active,,Commercial - Retailer,,,,,,,,284.000093-AUDO,,,10000 Skokie Blvd,Skokie,60077,(224) 707-9072,2023-07-28T13:32:56-05:00,42.0628308,-87.74707289999999,Cook County
Consume,Consume,2021-02-09T00:00:00,284.000094-AUDO,IDFPR,Illinois Department of Financial and Professional Regulation,Adult-Use and Medicinal,IL,Active,,Commercial - Retailer,,,,,,,,284.000094-AUDO,,,6428 N Milwaukee Ave,Chicago,60631,(872) 304-3113,2023-07-28T13:32:56-05:00,41.9978934,-87.78876600000001,Cook County
Consume,Consume,2021-02-09T00:00:00,284.000095-AUDO,IDFPR,Illinois Department of Financial and Professional Regulation,Adult-Use,Il.,Active,,Commercial - Retailer,,,,,,,,284.000095-AUDO,,,1S 130 Summit Ave.,Oak Brook Terrace,60181,(630) 598-4900,2023-07-28T13:32:56-05:00,41.8578857,-87.97289320000002,DuPage County
Verilife,Verilife,2021-02-19T00:00:00,284.000096-AUDO,IDFPR,Illinois Department of Financial and Professional Regulation,Adult-Use,IL,Active,,Commercial - Retailer,,,,,,,,284.000096-AUDO,,,5540 Park Pl,Rosemont,60018,(888) 493-6066,2023-07-28T13:32:56-05:00,41.9795972,-87.8682865,Cook County
Verilife,Verilife,2021-02-24T00:00:00,284.000097-AUDO,IDFPR,Illinois Department of Financial and Professional Regulation,Adult-Use,IL,Active,,Commercial - Retailer,,,,,,,,284.000097-AUDO,,,115 Perry St.,Galena,61036,(815) 255-8715,2023-07-28T13:32:56-05:00,42.4160529,-90.42684249999999,Jo Daviess County
The Dispensary,The Dispensary,2021-03-04T00:00:00,284.000098-AUDO,IDFPR,Illinois Department of Financial and Professional Regulation,Adult-Use and Medicinal,IL,Active,,Commercial - Retailer,,,,,,,,284.000098-AUDO,,,1801 16th Ave.,Fulton,61252,(815) 208-7701,2023-07-28T13:32:56-05:00,41.8623895,-90.14650019999999,Whiteside County
Verilife,Verilife,2021-03-09T00:00:00,284.000099-AUDO,IDFPR,Illinois Department of Financial and Professional Regulation,Adult-Use,IL,Active,,Commercial - Retailer,,,,,,,,284.000099-AUDO,,,60 W Superior St,Chicago,60654-4788,(312) 667-6247,2023-07-28T13:32:56-05:00,41.8959417,-87.6304765,Cook County
Windy CityCannabis,"Windy City
Cannabis",2021-03-11T00:00:00,284.000100-AUDO,IDFPR,Illinois Department of Financial and Professional Regulation,Adult-Use,IL,Active,,Commercial - Retailer,,,,,,,,284.000100-AUDO,,,260 Green Bay Rd.,Highwood,60040,(847) 957-3501,2023-07-28T13:32:56-05:00,42.20180879999999,-87.81010330000001,Lake County
The HappyCannabis Company,"The Happy
Cannabis Company",2021-03-16T00:00:00,284.000102-AUDO,IDFPR,Illinois Department of Financial and Professional Regulation,Adult-Use,IL,Active,,Commercial - Retailer,,,,,,,,284.000102-AUDO,,,4120 N Bell School Rd,Loves Park,61111,Tel: (TBD),2023-07-28T13:32:56-05:00,42.32015260000001,-88.97066889999999,Winnebago County
Ascend,Ascend,2021-03-17T00:00:00,284.000104-AUDO,IDFPR,Illinois Department of Financial and Professional Regulation,Adult-Use,IL,Active,,Commercial - Retailer,,,,,,,,284.000104-AUDO,,,114 Commerce Ln,Fairview Heights,62208,Tel: (TBD),2023-07-28T13:32:56-05:00,38.5987863,-89.9898887,St. Clair County
Hatch Dispensary,Hatch Dispensary,2021-03-17T00:00:00,284.000105-AUDO,IDFPR,Illinois Department of Financial and Professional Regulation,Adult-Use,IL,Active,,Commercial - Retailer,,,,,,,,284.000105-AUDO,,,1500 E Lake Cook Rd,Wheeling,60090-2249,(224) 434-2320,2023-07-28T13:32:56-05:00,42.15405519999999,-87.9246939,Lake County
MedMen,MedMen,2021-03-18T00:00:00,284.000106-AUDO,IDFPR,Illinois Department of Financial and Professional Regulation,Adult-Use,IL,Active,,Commercial - Retailer,,,,,,,,284.000106-AUDO,,,6761 Dempster St,Morton Grove,60053-2607,(424) 307-0504,2023-07-28T13:32:56-05:00,42.0404347,-87.7951423,Cook County
Verilife,Verilife,2021-03-19T00:00:00,284.000108-AUDO,IDFPR,Illinois Department of Financial and Professional Regulation,Adult-Use,IL,Active,,Commercial - Retailer,,,,,,,,284.000108-AUDO,,,150 N. Barrington Rd.,Schaumburg,60194,(630) 332-9602,2023-07-28T13:32:56-05:00,42.0352717,-88.14520189999999,Cook County
Windy City Cannabis,Windy City Cannabis,2021-03-19T00:00:00,284.000109-AUDO,IDFPR,Illinois Department of Financial and Professional Regulation,Adult-Use and Medicinal,IL,Active,,Commercial - Retailer,,,,,,,,284.000109-AUDO,,,719 W. Union Ave.,Litchfield,62056,(217) 253-8883,2023-07-28T13:32:56-05:00,39.1783862,-89.66286110000001,Montgomery County
Rise,Rise,2021-03-23T00:00:00,284.000110-AUDO,IDFPR,Illinois Department of Financial and Professional Regulation,Adult-Use,Lake,Active,,Commercial - Retailer,,,,,,,,284.000110-AUDO,,,270 N Randall Rd,Lake in the Hills IL 60156,60156,(312) 471-6720,2023-07-28T13:32:56-05:00,,,
Windy City Cannabis,Windy City Cannabis,2021-03-24T00:00:00,284.000111-AUDO,IDFPR,Illinois Department of Financial and Professional Regulation,Adult-Use,IL,Active,,Commercial - Retailer,,,,,,,,284.000111-AUDO,,,125 S Western Ave,Carpentersville,60110,(312) 874-7040,2023-07-28T13:32:56-05:00,,,
Windy City Cannabis,Windy City Cannabis,2021-03-29T00:00:00,284.000112-AUDO,IDFPR,Illinois Department of Financial and Professional Regulation,Adult-Use,IL,Active,,Commercial - Retailer,,,,,,,,284.000112-AUDO,,,518 W Jackson St,Macomb,61455-2008,TBD,2023-07-28T13:32:56-05:00,40.4591545,-90.67904659999999,McDonough County
The Dispensary,The Dispensary,2021-03-29T00:00:00,284.000113-AUDO,IDFPR,Illinois Department of Financial and Professional Regulation,Adult-Use,IL,Active,,Commercial - Retailer,,,,,,,,284.000113-AUDO,,,1709 Il Route 35 N,East Dubuque,61025,(815) 208-7701,2023-07-28T13:32:56-05:00,42.5057078,-90.61587130000001,Jo Daviess County
NuEra,NuEra,2021-03-29T00:00:00,284.000115-AUDO,IDFPR,Illinois Department of Financial and Professional Regulation,Adult-Use,IL,Active,,Commercial - Retailer,,,,,,,,284.000115-AUDO,,,102 E Green St,Champaign,61820,(309) 303-2535,2023-07-28T13:32:56-05:00,40.1104381,-88.23841619999999,Champaign County
NuEra,NuEra,2021-03-29T00:00:00,284.000116-AUDO,IDFPR,Illinois Department of Financial and Professional Regulation,Adult-Use,IL,Active,,Commercial - Retailer,,,,,,,,284.000116-AUDO,,,3249 Court St,Pekin,61554,(309) 839-1330,2023-07-28T13:32:56-05:00,40.5475804,-89.6029824,Tazewell County
Curaleaf,Curaleaf,2021-03-29T00:00:00,284.000117-AUDO,IDFPR,Illinois Department of Financial and Professional Regulation,Adult-Use,IL,Active,,Commercial - Retailer,,,,,,,,284.000117-AUDO,,,11 E Ogden Ave,Westmont,6055,(312) 874-7040,2023-07-28T13:32:56-05:00,41.8094865,-87.97470899999999,DuPage County
Maribis,Maribis,2021-03-29T00:00:00,284.000118-AUDO,IDFPR,Illinois Department of Financial and Professional Regulation,Adult-Use,IL,Active,,Commercial - Retailer,,,,,,,,284.000118-AUDO,,,1137 S Mannheim Rd,Westchester,60154,(888) 888-2812,2023-07-28T13:32:56-05:00,41.8640312,-87.88214959999999,Cook County
Maribis,Maribis,2021-03-30T00:00:00,284.000119-AUDO,IDFPR,Illinois Department of Financial and Professional Regulation,Adult-Use,IL,Active,,Commercial - Retailer,,,,,,,,284.000119-AUDO,,,3025 Lindbergh Blvd,Springfield,62704,TBD,2023-07-28T13:32:56-05:00,39.7542075,-89.7116623,Sangamon County
Curaleaf,Curaleaf,2021-03-31T00:00:00,284.000120-AUDO,IDFPR,Illinois Department of Financial and Professional Regulation,Adult-Use and Medicinal,IL,Active,,Commercial - Retailer,,,,,,,,284.000120-AUDO,,,"9930 W. 190th St., Unit H",Mokena,60035,(708) 258-1141,2023-07-28T13:32:56-05:00,41.54566579999999,-87.8585906,Will County
Curaleaf,Curaleaf,2021-03-31T00:00:00,284.000121-AUDO,IDFPR,Illinois Department of Financial and Professional Regulation,Adult-Use and Medicinal,IL,Active,,Commercial - Retailer,,,,,,,,284.000121-AUDO,,,677 Lake Cook Rd.,Deerfield,60015,(847) 447-6634,2023-07-28T13:32:56-05:00,42.1522523,-87.8438824,Cook County
Thrive,Thrive,2021-03-31T00:00:00,284.000122-AUDO,IDFPR,Illinois Department of Financial and Professional Regulation,Adult-Use,IL,Active,,Commercial - Retailer,,,,,,,,284.000122-AUDO,,,1551 E. 5th St.,Metropolis,62960,(618) 602-2900,2023-07-28T13:32:56-05:00,37.1543217,-88.7127773,Massac County
Enlightened,Enlightened,2021-03-31T00:00:00,284.000123-AUDO,IDFPR,Illinois Department of Financial and Professional Regulation,Adult-Use,IL,Active,,Commercial - Retailer,,,,,,,,284.000123-AUDO,,,820 E. Golf Rd.,Schaumburg,60173,(847) 773-0820,2023-07-28T13:32:56-05:00,42.0508062,-88.0585662,Cook County
Midway by Ascend,Midway by Ascend,2022-01-05T00:00:00,284.000124-AUDO,IDFPR,Illinois Department of Financial and Professional Regulation,Adult-Use and Medicinal,IL,Active,,Commercial - Retailer,,,,,,,,284.000124-AUDO,,,5648 S. Archer Ave.,Chicago,60638,(872) 267-7038,2023-07-28T13:32:56-05:00,41.79759,-87.7520399,Cook County
Ascend,Ascend,2022-01-05T00:00:00,284.00125-AUDO,IDFPR,Illinois Department of Financial and Professional Regulation,Adult-Use,IL,Active,,Commercial - Retailer,,,,,,,,284.00125-AUDO,,,9820 Ridgeland Ave,Chicago Ridge,60415,(872) 250-3890,2023-07-28T13:32:56-05:00,41.7143559,-87.780138,Cook County
ZenLeaf,ZenLeaf,2022-03-11T00:00:00,284.000127-AUDO,IDFPR,Illinois Department of Financial and Professional Regulation,Adult-Use,IL,Active,,Commercial - Retailer,,,,,,,,284.000127-AUDO,,,783 E Butterfield Rd,Lombard,60148-5614,(630) 716-2517,2023-07-28T13:32:56-05:00,41.8395045,-87.9974773,DuPage County
ZenLeaf,ZenLeaf,2022-03-11T00:00:00,284.000128-AUDO,IDFPR,Illinois Department of Financial and Professional Regulation,Adult-Use and Medicinal,IL,Active,,Commercial - Retailer,,,,,,,,284.000128-AUDO,,,7305 N Rogers Ave,Chicago,60626,(773) 516-4007,2023-07-28T13:32:56-05:00,42.0138633,-87.6794039,Cook County
Rise,Rise,2022-02-28T00:00:00,284.000129-AUDO,IDFPR,Illinois Department of Financial and Professional Regulation,Adult-Use and Medicinal,IL,Active,,Commercial - Retailer,,,,,,,,284.000129-AUDO,,,1101 Ford Ave. Ste. C,Effingham,62401,(217) 727-7715,2023-07-28T13:32:56-05:00,39.1416106,-88.55491400000001,Effingham County
Rise,Rise,2022-02-28T00:00:00,284.000130-AUDO,IDFPR,Illinois Department of Financial and Professional Regulation,Adult-Use,IL,Active,,Commercial - Retailer,,,,,,,,284.000130-AUDO,,,909 Lincoln Ave.,Charleston,IL,(217) 284-6077,2023-07-28T13:32:56-05:00,39.4849405,-88.171938,Coles County
ZenLeaf,ZenLeaf,2022-03-29T00:00:00,284.000131-AUDO,IDFPR,Illinois Department of Financial and Professional Regulation,Adult-Use and Medicinal,IL,Active,,Commercial - Retailer,,,,,,,,284.000131-AUDO,,,1804 Maple Ave.,Evanston,60201,(847) 424-0140,2023-07-28T13:32:56-05:00,42.0501654,-87.685026,Cook County
ZenLeaf,ZenLeaf,2022-03-29T00:00:00,284.000132-AUDO,IDFPR,Illinois Department of Financial and Professional Regulation,Adult-Use,IL,Active,,Commercial - Retailer,,,,,,,,284.000132-AUDO,,,740 N. Rte. 59,Aurora,60504,(331) 212-8846,2023-07-28T13:32:56-05:00,41.7657414,-88.20632239999999,DuPage County
ZenLeaf,ZenLeaf,2022-04-18T00:00:00,284.000133-AUDO,IDFPR,Illinois Department of Financial and Professional Regulation,Adult-Use and Medicinal,60608,Active,,Commercial - Retailer,,,,,,,,284.000133-AUDO,,,1301 S. Western Ave.,Chicago,60608,(773) 724-4200,2023-07-28T13:32:56-05:00,41.8645274,-87.685658,Cook County
ZenLeaf,ZenLeaf,2022-04-18T00:00:00,284.000134-AUDO,IDFPR,Illinois Department of Financial and Professional Regulation,Adult-Use,IL,Active,,Commercial - Retailer,,,,,,,,284.000134-AUDO,,,222 S. Halsted St.,Chicago,60661,(872) 260-3874,2023-07-28T13:32:56-05:00,41.8785039,-87.6474252,Cook County
Zen Leaf,Zen Leaf,2022-05-10T00:00:00,284.000135-AUDO,IDFPR,Illinois Department of Financial and Professional Regulation,Adult-Use and Medicinal,IL,Active,,Commercial - Retailer,,,,,,,,284.000135-AUDO,,,2030 Skokie Valley Rd.,Highland Park,60035,(847) 780-3942,2023-07-28T13:32:56-05:00,42.1903389,-87.8272283,Lake County
ZenLeaf,ZenLeaf,2022-05-10T00:00:00,284.000136-AUDO,IDFPR,Illinois Department of Financial and Professional Regulation,Adult-Use,IL,Active,,Commercial - Retailer,,,,,,,,284.000136-AUDO,,,1434 N Rand Rd,Arlington Heights,60005,(224) 269-4275,2023-07-28T13:32:56-05:00,42.136807,-88.0185657,Cook County
Herbal Remedies,Herbal Remedies,2022-05-12T00:00:00,284.000137-AUDO,IDFPR,Illinois Department of Financial and Professional Regulation,Adult-Use and Medicinal,IL,Active,,Commercial - Retailer,,,,,,,,284.000137-AUDO,,,4440 Broadway St. Ste. 1,Quincy,62305,(217) 214-6337,2023-07-28T13:32:56-05:00,39.9345167,-91.3444762,Adams County
Herbal Remedies,Herbal Remedies,2022-05-12T00:00:00,284.000138-AUDO,IDFPR,Illinois Department of Financial and Professional Regulation,Adult-Use,IL.62301,Active,,Commercial - Retailer,,,,,,,,284.000138-AUDO,,,1837 Broadway St.,Quincy,IL.62301,(217) 214-6337,2023-07-28T13:32:56-05:00,39.9358402,-91.38559149999999,Adams County
Zen Leaf,Zen Leaf,2022-05-19T00:00:00,284.000139-AUDO,IDFPR,Illinois Department of Financial and Professional Regulation,Adult-Use and Medicinal,IL,Active,,Commercial - Retailer,,,,,,,,284.000139-AUDO,,,3691 E. Main St.,St. Charles,60174,(630) 377-7373,2023-07-28T13:32:56-05:00,41.9207584,-88.271501,Kane County
Zen Leaf,Zen Leaf,2024-05-19T00:00:00,284.000140-AUDO,IDFPR,Illinois Department of Financial and Professional Regulation,Adult-Use,IL,Active,,Commercial - Retailer,,,,,,,,284.000140-AUDO,,,1516 N Naper Blvd Spc 100,Naperville,60563,(630) 634-8543,2023-07-28T13:32:56-05:00,41.7974032,-88.1186517,DuPage County
OKAY Cannabis,OKAY Cannabis,2023-01-27T00:00:00,284.000142-AUDO,IDFPR,Illinois Department of Financial and Professional Regulation,Adult-Use,IL,Active,,Commercial - Retailer,,,,,,,,284.000142-AUDO,,,781 N Milwaukee Ave,Wheeling,60090,(847) 307-0100,2023-07-28T13:32:56-05:00,42.1521766,-87.9134838,Cook County
BaM Body and Mind,BaM Body and Mind,2023-04-20T00:00:00,284.000159-AUDO,IDFPR,Illinois Department of Financial and Professional Regulation,Adult-Use,IL,Active,,Commercial - Retailer,,,,,,,,284.000159-AUDO,,,3063 W 159th St,Markham,60428,(708) 224-7897,2023-07-28T13:32:56-05:00,41.59981459999999,-87.69298669999999,Cook County
Altius,Altius,2022-11-15T00:00:00,284.000163-AUDO,IDFPR,Illinois Department of Financial and Professional Regulation,Adult-Use,IL,Active,,Commercial - Retailer,,,,,,,,284.000163-AUDO,,,993 E Rollins Rd,Round Lake Beach,60073,(224) 578-5382,2023-07-28T13:32:56-05:00,42.38069730000001,-88.0583855,Lake County
Stash - Peru,Stash - Peru,2023-07-12T00:00:00,284.000170 - AUDO,IDFPR,Illinois Department of Financial and Professional Regulation,Adult-Use,IL,Active,,Commercial - Retailer,,,,,,,,284.000170 - AUDO,,,1320 38th St,Peru,61354,(815) 224-1137,2023-07-28T13:32:56-05:00,41.3583182,-89.12318259999999,LaSalle County
DeepROOTZ,DeepROOTZ,2023-07-17T00:00:00,284.000175 - AUDO,IDFPR,Illinois Department of Financial and Professional Regulation,Adult-Use,IL,Active,,Commercial - Retailer,,,,,,,,284.000175 - AUDO,,,2727 Avenue of the Cities,Moline,61265,(309) 704-0420,2023-07-28T13:32:56-05:00,41.4926273,-90.4979524,Rock Island County
Ivy Hall - Waukegan,Ivy Hall - Waukegan,2023-03-21T00:00:00,284.000180-AUDO,IDFPR,Illinois Department of Financial and Professional Regulation,Adult-Use,IL,Active,,Commercial - Retailer,,,,,,,,284.000180-AUDO,,,996 S Waukegan Rd,Waukegan,60085,(855) 489-4255,2023-07-28T13:32:56-05:00,42.3409629,-87.8958968,Lake County
Ivy Hall -Bolingbrook,"Ivy Hall -
Bolingbrook",2023-06-15T00:00:00,284.000183 - AUDO,IDFPR,Illinois Department of Financial and Professional Regulation,Adult-Use,IL,Active,,Commercial - Retailer,,,,,,,,284.000183 - AUDO,,,361 S Bolingbrook Dr,Bolingbrook,60440,(855) 489-4255,2023-07-28T13:32:56-05:00,41.6895233,-88.0689665,Will County
Grasshopper Club,Grasshopper Club,2023-02-01T00:00:00,284.000187-AUDO,IDFPR,Illinois Department of Financial and Professional Regulation,Adult-Use,IL,Active,,Commercial - Retailer,,,,,,,,284.000187-AUDO,,,2551 N Milwaukee Ave 1st Fl,Chicago,60647,(773) 697-3191,2023-07-28T13:32:56-05:00,41.9278453,-87.7049601,Cook County
Grasshopper Club –South Loop,"Grasshopper Club –
South Loop",2023-07-26T00:00:00,284.000188 - AUDO,IDFPR,Illinois Department of Financial and Professional Regulation,Adult-Use,IL,Active,,Commercial - Retailer,,,,,,,,284.000188 - AUDO,,,58 E Roosevelt Rd FL 1,Chicago,60605,(773) 697-3191,2023-07-28T13:32:56-05:00,41.8676372,-87.6255802,Cook County
Spark’d – WickerPark,"Spark’d – Wicker
Park",2023-05-22T00:00:00,284.000193 AUDO,IDFPR,Illinois Department of Financial and Professional Regulation,Adult-Use,IL,Active,,Commercial - Retailer,,,,,,,,284.000193 AUDO,,,1212 N Ashland Ave,Chicago,60622-2253,(708) 856-8924,2023-07-28T13:32:56-05:00,41.9039126,-87.6678627,Cook County
Spark’d –Streamwood,"Spark’d –
Streamwood",2023-07-25T00:00:00,284.000194 - AUDO,IDFPR,Illinois Department of Financial and Professional Regulation,Adult-Use,IL,Active,,Commercial - Retailer,,,,,,,,284.000194 - AUDO,,,1594 Buttitta Dr,Streamwood,60107,(TBD),2023-07-28T13:32:56-05:00,42.0166554,-88.1451123,Cook County
River Bluff Cannabis,River Bluff Cannabis,2023-04-18T00:00:00,284.000205-AUDO,IDFPR,Illinois Department of Financial and Professional Regulation,Adult-Use,IL,Active,,Commercial - Retailer,,,,,,,,284.000205-AUDO,,,1350 Lake St,Roselle,60172,(847) 306-9916,2023-07-28T13:32:56-05:00,41.9706992,-88.114952,DuPage County
Viola CHI,Viola CHI,2023-07-27T00:00:00,284.000207 - AUDO,IDFPR,Illinois Department of Financial and Professional Regulation,Adult-Use,IL,Active,,Commercial - Retailer,,,,,,,,284.000207 - AUDO,,,1516 W Roosevelt Rd,Broadview,60155,(TBD),2023-07-28T13:32:56-05:00,41.867178,-87.6643351,Cook County
Kush21 - Jacksonville,Kush21 - Jacksonville,2023-02-10T00:00:00,284.000213-AUDO,IDFPR,Illinois Department of Financial and Professional Regulation,Adult-Use,IL,Active,,Commercial - Retailer,,,,,,,,284.000213-AUDO,,,1112 Veterans Dr,Jacksonville,62650,(217) 408-1246,2023-07-28T13:32:56-05:00,39.721803,-90.24376199999999,Morgan County
"V3 Illinois Vending,LLC","V3 Illinois Vending,
LLC",2023-06-12T00:00:00,284.000227 - AUDO,IDFPR,Illinois Department of Financial and Professional Regulation,Adult-Use,IL,Active,,Commercial - Retailer,,,,,,,,284.000227 - AUDO,,,105 Koehler St,Grayville,62844,(314) 714-6585,2023-07-28T13:32:56-05:00,38.2431749,-87.9978141,White County
Deer Park PartnersLLC,"Deer Park Partners
LLC",2023-03-21T00:00:00,284.000229-AUDO,IDFPR,Illinois Department of Financial and Professional Regulation,Adult-Use,IL,Active,,Commercial - Retailer,,,,,,,,284.000229-AUDO,,,Locke Dr,Bourbonnais,60914,(847) 528-8753,2023-07-28T13:32:56-05:00,41.1642769,-87.8495414,Kankakee County
Ivy Hall - Damen,Ivy Hall - Damen,2022-11-10T00:00:00,284.000232 AUDO,IDFPR,Illinois Department of Financial and Professional Regulation,Adult-Use,IL,Active,,Commercial - Retailer,,,,,,,,284.000232 AUDO,,,1720 N Damen Ave,Chicago,60647,(855) 489-4255,2023-07-28T13:32:56-05:00,41.9129726,-87.67779379999999,Cook County
Green Rose -Chicago,"Green Rose -
Chicago",2022-11-10T00:00:00,284.000248 AUDO,IDFPR,Illinois Department of Financial and Professional Regulation,Adult-Use,IL.,Active,,Commercial - Retailer,,,,,,,,284.000248 AUDO,,,612 N. Wells St.,Chicago,60654,(312) 268-0007,2023-07-28T13:32:56-05:00,41.8927698,-87.634486,Cook County
Cloud9 Cannabis,Cloud9 Cannabis,2023-03-22T00:00:00,284.000259-AUDO,IDFPR,Illinois Department of Financial and Professional Regulation,Adult-Use,IL,Active,,Commercial - Retailer,,,,,,,,284.000259-AUDO,,,505 W Town Center Blvd,Champaign,61822,(217) 866-0905,2023-07-28T13:32:56-05:00,40.1421814,-88.25148229999999,Champaign County
OKAY Cannabis –West Town,"OKAY Cannabis –
West Town",2023-05-27T00:00:00,284.000267 AUDO,IDFPR,Illinois Department of Financial and Professional Regulation,Adult-Use,IL,Active,,Commercial - Retailer,,,,,,,,284.000267 AUDO,,,1914 W Chicago Ave,Chicago,60622-8879,(TBD),2023-07-28T13:32:56-05:00,41.8960585,-87.6752684,Cook County
Stash – Orland Hills,Stash – Orland Hills,2023-07-17T00:00:00,284.000281 - AUDO,IDFPR,Illinois Department of Financial and Professional Regulation,Adult-Use,IL,Active,,Commercial - Retailer,,,,,,,,284.000281 - AUDO,,,9545 167th St,Orland Hills,60487,(708) 428-2296,2023-07-28T13:32:56-05:00,41.5860793,-87.8507613,Cook County
Starbuds,Starbuds,2023-01-03T00:00:00,284.000285 AUDO,IDFPR,Illinois Department of Financial and Professional Regulation,Adult-Use,IL,Active,,Commercial - Retailer,,,,,,,,284.000285 AUDO,,,7844 S Cicero Ave,Burbank,60459,(708) 907-3441,2023-07-28T13:32:56-05:00,41.7498057,-87.74180729999999,Cook County
Aroma Hill –Hoffman Estates,"Aroma Hill –
Hoffman Estates",2023-06-28T00:00:00,284.000287 - AUDO,IDFPR,Illinois Department of Financial and Professional Regulation,Adult-Use,IL,Active,,Commercial - Retailer,,,,,,,,284.000287 - AUDO,,,1237 North Barrington Rd,Hoffman Estates,60169,(773) 936-4527,2023-07-28T13:32:56-05:00,42.0461559,-88.1439367,Cook County
Consume – St.Charles,"Consume – St.
Charles",2023-04-17T00:00:00,284.000295 AUDO,IDFPR,Illinois Department of Financial and Professional Regulation,Adult-Use,IL,Active,,Commercial - Retailer,,,,,,,,284.000295 AUDO,,,584 S Randall Rd,St Charles,60174,(630) 931-2800,2023-07-28T13:32:56-05:00,41.9043437,-88.3386087,Kane County
Lux LeafDispensary,"Lux Leaf
Dispensary",2023-03-14T00:00:00,284.000296-AUDO,IDFPR,Illinois Department of Financial and Professional Regulation,Adult-Use,IL,Active,,Commercial - Retailer,,,,,,,,284.000296-AUDO,,,5539 Miller Circle Dr,Matteson,60443,(708) 905-4500,2023-07-28T13:32:56-05:00,41.4996088,-87.74931389999999,Cook County
Vertical Dispensary,Vertical Dispensary,2023-07-27T00:00:00,284.000300 - AUDO,IDFPR,Illinois Department of Financial and Professional Regulation,Adult-Use,IL,Active,,Commercial - Retailer,,,,,,,,284.000300 - AUDO,,,20 Northwest Hwy,Cary,60013,(847) 516-9333,2023-07-28T13:32:56-05:00,42.20847029999999,-88.2346506,McHenry County
Cloud9 Cannabis,Cloud9 Cannabis,2023-03-10T00:00:00,284.000304-AUDO,IDFPR,Illinois Department of Financial and Professional Regulation,Adult-Use,IL,Active,,Commercial - Retailer,,,,,,,,284.000304-AUDO,,,2341 Plum St,Edwardsville,62025,(618) 685-0801,2023-07-28T13:32:56-05:00,38.784493,-89.9577935,Madison County
Mystic Greenz -Decatur,"Mystic Greenz -
Decatur",2023-07-21T00:00:00,284.000312 - AUDO,IDFPR,Illinois Department of Financial and Professional Regulation,Adult-Use,IL,Active,,Commercial - Retailer,,,,,,,,284.000312 - AUDO,,,5045 Indus,Decatur,62522,(309) 989-4501,2023-07-28T13:32:56-05:00,39.8231401,-89.0466016,Macon County
TrinityCompassionate CareCenters,"Trinity
Compassionate Care
Centers",2022-09-12T00:00:00,284-000326-AUDO,IDFPR,Illinois Department of Financial and Professional Regulation,Adult-Use and Medicinal,IL,Active,,Commercial - Retailer,,,,,,,,284-000326-AUDO,,,3125 N. University St. Ste. B,Peoria,61604,(309) 863-2122,2023-07-28T13:32:56-05:00,40.7259816,-89.61374239999999,Peoria County
TrinityCompassionate CareCenters,"Trinity
Compassionate Care
Centers",2022-09-12T00:00:00,284-000327-AUDO,IDFPR,Illinois Department of Financial and Professional Regulation,Adult-Use,IL,Active,,Commercial - Retailer,,,,,,,,284-000327-AUDO,,,2301 W. Glen Ave.,Peoria,61614,(309) 863-2122,2023-07-28T13:32:56-05:00,40.7475512,-89.630071,Peoria County
Mission Illinois,Mission Illinois,2023-02-28T00:00:00,284.000341 - AUDO,IDFPR,Illinois Department of Financial and Professional Regulation,Adult-Use and Medicinal,IL,Active,,Commercial - Retailer,,,,,,,,284.000341 - AUDO,,,8554 S Commersial Ave,Chicago,60617,(773) 530-0088,2023-07-28T13:32:56-05:00,41.7394444,-87.5517577,Cook County
Mission – CalumetCity,"Mission – Calumet
City",2023-02-28T00:00:00,284.000342 - AUDO,IDFPR,Illinois Department of Financial and Professional Regulation,Adult-Use,IL,Active,,Commercial - Retailer,,,,,,,,284.000342 - AUDO,,,1330 Torrence Ave,Calumet City,60409,(773) 318-0802,2023-07-28T13:32:56-05:00,41.5981274,-87.55950759999999,Cook County
